                  epoch,         train/box_loss,         train/cls_loss,         train/dfl_loss,   metrics/precision(B),      metrics/recall(B),       metrics/mAP50(B),    metrics/mAP50-95(B),           val/box_loss,           val/cls_loss,           val/dfl_loss,                 lr/pg0,                 lr/pg1,                 lr/pg2
                      1,                 1.5221,                 2.9071,                 1.4843,                0.45102,                0.64424,                0.50972,                0.28317,                 1.3733,                 1.7373,                 1.4742,             0.00027737,             0.00027737,             0.00027737
                      2,                 1.4333,                 1.8595,                 1.4756,                  0.519,                0.67321,                 0.5968,                0.33964,                 1.3457,                 1.4168,                 1.4579,             0.00044514,             0.00044514,             0.00044514
                      3,                 1.4188,                 1.6453,                  1.474,                0.55062,                  0.691,                0.62944,                0.37723,                 1.3088,                  1.302,                 1.4008,             0.00050295,             0.00050295,             0.00050295
                      4,                 1.3423,                 1.4876,                 1.4237,                0.55652,                0.71736,                0.65492,                0.41327,                 1.2253,                 1.1925,                 1.3664,              0.0003382,              0.0003382,              0.0003382
                      5,                 1.2866,                 1.3798,                 1.3857,                0.59703,                0.72158,                0.68065,                0.43416,                 1.1795,                 1.0899,                 1.3359,             0.00017326,             0.00017326,             0.00017326
