                  epoch,         train/box_loss,         train/cls_loss,         train/dfl_loss,   metrics/precision(B),      metrics/recall(B),       metrics/mAP50(B),    metrics/mAP50-95(B),           val/box_loss,           val/cls_loss,           val/dfl_loss,                 lr/pg0,                 lr/pg1,                 lr/pg2
                      1,                  1.525,                 2.9061,                 1.4897,                0.43932,                0.56839,                0.47775,                0.26554,                 1.4028,                 1.8963,                 1.5744,             0.00027737,             0.00027737,             0.00027737
                      2,                 1.4275,                 1.8675,                 1.4706,                0.51504,                0.67768,                0.58266,                0.33959,                 1.3264,                 1.4659,                 1.4176,             0.00044514,             0.00044514,             0.00044514
                      3,                 1.4113,                 1.6445,                 1.4656,                0.56787,                0.67451,                0.63549,                0.38228,                 1.3001,                 1.2788,                 1.3936,             0.00050295,             0.00050295,             0.00050295
                      4,                 1.3384,                 1.4898,                 1.4241,                0.58576,                0.70644,                0.65629,                0.41138,                 1.2281,                 1.2066,                 1.3771,              0.0003382,              0.0003382,              0.0003382
                      5,                 1.2847,                 1.3768,                 1.3857,                0.60941,                0.72116,                0.68793,                0.44307,                 1.1678,                 1.1041,                 1.3237,             0.00017326,             0.00017326,             0.00017326
