                  epoch,         train/box_loss,         train/cls_loss,         train/dfl_loss,   metrics/precision(B),      metrics/recall(B),       metrics/mAP50(B),    metrics/mAP50-95(B),           val/box_loss,           val/cls_loss,           val/dfl_loss,                 lr/pg0,                 lr/pg1,                 lr/pg2
                      1,                 1.5293,                 2.9102,                 1.4953,                0.48729,                0.61972,                0.55384,                0.31705,                 1.3239,                 1.6915,                 1.4091,             0.00027737,             0.00027737,             0.00027737
                      2,                 1.4338,                 1.8707,                 1.4734,                0.55859,                0.65828,                0.59523,                0.33947,                 1.3711,                 1.4803,                 1.4696,             0.00044514,             0.00044514,             0.00044514
                      3,                 1.4139,                 1.6557,                 1.4687,                0.53975,                0.69183,                0.61799,                0.36764,                 1.3214,                  1.329,                 1.3975,             0.00050295,             0.00050295,             0.00050295
                      4,                 1.3469,                 1.5026,                 1.4258,                0.58197,                 0.7151,                0.66261,                0.40227,                 1.2533,                  1.238,                   1.38,              0.0003382,              0.0003382,              0.0003382
                      5,                 1.2925,                 1.3897,                 1.3905,                0.55326,                0.75381,                0.66717,                0.42656,                 1.1947,                 1.1363,                 1.3424,             0.00017326,             0.00017326,             0.00017326
