                  epoch,         train/box_loss,         train/cls_loss,         train/dfl_loss,   metrics/precision(B),      metrics/recall(B),       metrics/mAP50(B),    metrics/mAP50-95(B),           val/box_loss,           val/cls_loss,           val/dfl_loss,                 lr/pg0,                 lr/pg1,                 lr/pg2
                      1,                 1.5258,                 2.9024,                 1.4896,                0.43073,                0.57933,                0.47163,                0.24715,                 1.4526,                 1.8638,                 1.5763,             0.00027737,             0.00027737,             0.00027737
                      2,                 1.4427,                 1.8614,                 1.4753,                0.48027,                0.68163,                0.58224,                0.32938,                 1.3312,                 1.4572,                 1.4379,             0.00044514,             0.00044514,             0.00044514
                      3,                 1.4135,                  1.644,                 1.4768,                0.52764,                  0.719,                 0.6239,                0.37445,                  1.314,                 1.2773,                 1.3917,             0.00050295,             0.00050295,             0.00050295
                      4,                 1.3406,                 1.4941,                 1.4326,                0.55548,                 0.6958,                0.65609,                 0.4022,                 1.2403,                 1.1952,                 1.3863,              0.0003382,              0.0003382,              0.0003382
                      5,                 1.2905,                 1.3801,                 1.4019,                0.59996,                 0.6952,                0.67289,                0.42772,                  1.179,                 1.1172,                 1.3529,             0.00017326,             0.00017326,             0.00017326
