                  epoch,         train/box_loss,         train/cls_loss,         train/dfl_loss,   metrics/precision(B),      metrics/recall(B),       metrics/mAP50(B),    metrics/mAP50-95(B),           val/box_loss,           val/cls_loss,           val/dfl_loss,                 lr/pg0,                 lr/pg1,                 lr/pg2
                      1,                 1.5277,                   2.91,                 1.4922,                0.44663,                0.57196,                0.48679,                0.26762,                 1.3925,                 1.7957,                  1.488,             0.00027737,             0.00027737,             0.00027737
                      2,                 1.4385,                 1.8603,                  1.485,                  0.489,                 0.6873,                0.58773,                 0.3378,                 1.3526,                 1.4961,                 1.4803,             0.00044514,             0.00044514,             0.00044514
                      3,                 1.4138,                 1.6466,                 1.4816,                0.53931,                 0.6914,                0.63066,                0.37958,                 1.3339,                 1.2795,                 1.4088,             0.00050295,             0.00050295,             0.00050295
                      4,                  1.343,                 1.4803,                 1.4403,                0.54786,                 0.7081,                0.63857,                0.39749,                 1.2248,                 1.2527,                  1.391,              0.0003382,              0.0003382,              0.0003382
                      5,                 1.2944,                 1.3805,                 1.4081,                0.54871,                0.73717,                0.65962,                0.41967,                 1.1971,                 1.1251,                 1.3534,             0.00017326,             0.00017326,             0.00017326
