                  epoch,         train/box_loss,         train/cls_loss,         train/dfl_loss,   metrics/precision(B),      metrics/recall(B),       metrics/mAP50(B),    metrics/mAP50-95(B),           val/box_loss,           val/cls_loss,           val/dfl_loss,                 lr/pg0,                 lr/pg1,                 lr/pg2
                      1,                 1.5245,                 2.9117,                 1.4875,                0.43314,                0.56576,                0.49222,                0.27236,                 1.3829,                 1.8552,                 1.5145,             0.00027737,             0.00027737,             0.00027737
                      2,                 1.4307,                 1.8768,                 1.4766,                0.54201,                0.68539,                0.58591,                0.34291,                 1.3305,                  1.446,                 1.4404,             0.00044514,             0.00044514,             0.00044514
                      3,                 1.4123,                 1.6486,                 1.4688,                0.54485,                0.69461,                0.64844,                0.39402,                  1.294,                 1.2861,                 1.3859,             0.00050295,             0.00050295,             0.00050295
                      4,                  1.345,                 1.4933,                 1.4287,                0.56391,                0.69341,                0.65447,                0.40414,                 1.2419,                  1.204,                 1.3739,              0.0003382,              0.0003382,              0.0003382
                      5,                 1.2946,                  1.376,                 1.3927,                0.59713,                0.69848,                 0.6758,                0.42327,                  1.201,                   1.13,                  1.356,             0.00017326,             0.00017326,             0.00017326
