                  epoch,         train/box_loss,         train/cls_loss,         train/dfl_loss,   metrics/precision(B),      metrics/recall(B),       metrics/mAP50(B),    metrics/mAP50-95(B),           val/box_loss,           val/cls_loss,           val/dfl_loss,                 lr/pg0,                 lr/pg1,                 lr/pg2
                      1,                 1.5303,                  2.904,                 1.4929,                0.46027,                0.59277,                0.51392,                0.28755,                  1.355,                 1.7566,                 1.4625,             0.00027737,             0.00027737,             0.00027737
                      2,                  1.438,                 1.8915,                 1.4733,                0.53554,                0.60898,                0.58131,                0.32875,                 1.3686,                 1.4978,                 1.4506,             0.00044514,             0.00044514,             0.00044514
                      3,                 1.4151,                 1.6668,                 1.4685,                0.54045,                0.72078,                0.64342,                0.38626,                 1.3067,                 1.3008,                 1.3952,             0.00050295,             0.00050295,             0.00050295
                      4,                 1.3435,                 1.5071,                 1.4282,                0.57725,                0.71391,                0.66761,                0.40921,                 1.2403,                  1.191,                 1.3775,              0.0003382,              0.0003382,              0.0003382
                      5,                 1.2865,                  1.391,                 1.3888,                0.55617,                0.74253,                0.67218,                0.42501,                 1.2019,                 1.1246,                 1.3623,             0.00017326,             0.00017326,             0.00017326
