                  epoch,         train/box_loss,         train/cls_loss,         train/dfl_loss,   metrics/precision(B),      metrics/recall(B),       metrics/mAP50(B),    metrics/mAP50-95(B),           val/box_loss,           val/cls_loss,           val/dfl_loss,                 lr/pg0,                 lr/pg1,                 lr/pg2
                      1,                  1.526,                 2.9125,                 1.4892,                0.44933,                0.57007,                  0.479,                0.26529,                 1.3953,                 1.9472,                  1.479,             0.00027737,             0.00027737,             0.00027737
                      2,                 1.4256,                 1.8884,                 1.4616,                 0.5257,                0.63575,                0.58105,                0.33219,                 1.3482,                   1.52,                  1.468,             0.00044514,             0.00044514,             0.00044514
                      3,                 1.4121,                 1.6621,                 1.4604,                0.53934,                0.71793,                0.63411,                0.38904,                 1.2854,                 1.2795,                 1.3726,             0.00050295,             0.00050295,             0.00050295
                      4,                 1.3415,                 1.4961,                  1.411,                0.57617,                0.72316,                0.66076,                0.40951,                 1.2377,                 1.1924,                 1.3449,              0.0003382,              0.0003382,              0.0003382
                      5,                 1.2876,                 1.3761,                 1.3704,                0.57894,                0.76249,                0.67768,                0.42861,                 1.1989,                 1.1223,                 1.3271,             0.00017326,             0.00017326,             0.00017326
