                  epoch,         train/box_loss,         train/cls_loss,         train/dfl_loss,   metrics/precision(B),      metrics/recall(B),       metrics/mAP50(B),    metrics/mAP50-95(B),           val/box_loss,           val/cls_loss,           val/dfl_loss,                 lr/pg0,                 lr/pg1,                 lr/pg2
                      1,                 1.5273,                 2.9044,                 1.4878,                0.44225,                0.56384,                0.51412,                0.28956,                 1.3474,                 1.7322,                 1.4691,             0.00027737,             0.00027737,             0.00027737
                      2,                 1.4298,                 1.8659,                  1.468,                0.51649,                0.64087,                0.58115,                 0.3361,                 1.3297,                 1.4604,                 1.4261,             0.00044514,             0.00044514,             0.00044514
                      3,                 1.4011,                 1.6624,                 1.4506,                0.56132,                0.69626,                0.64186,                0.39127,                 1.2864,                 1.2822,                 1.3848,             0.00050295,             0.00050295,             0.00050295
                      4,                 1.3392,                 1.5062,                 1.4096,                0.56384,                0.70642,                0.65296,                0.40218,                  1.253,                   1.22,                 1.3736,              0.0003382,              0.0003382,              0.0003382
                      5,                 1.2856,                 1.3887,                 1.3731,                0.60346,                0.72107,                0.67634,                0.42957,                  1.192,                 1.1193,                 1.3301,             0.00017326,             0.00017326,             0.00017326
