                  epoch,         train/box_loss,         train/cls_loss,         train/dfl_loss,   metrics/precision(B),      metrics/recall(B),       metrics/mAP50(B),    metrics/mAP50-95(B),           val/box_loss,           val/cls_loss,           val/dfl_loss,                 lr/pg0,                 lr/pg1,                 lr/pg2
                      1,                 1.5286,                 2.8992,                 1.4839,                  0.489,                0.63397,                0.53548,                0.29509,                 1.3674,                 1.7514,                 1.4507,             0.00027737,             0.00027737,             0.00027737
                      2,                 1.4397,                 1.8609,                 1.4829,                0.53126,                0.65598,                 0.5967,                0.33775,                 1.3801,                 1.4131,                 1.4741,             0.00044514,             0.00044514,             0.00044514
                      3,                 1.4117,                 1.6392,                 1.4663,                 0.5579,                0.67989,                0.63195,                 0.3746,                 1.3146,                 1.2753,                 1.4069,             0.00050295,             0.00050295,             0.00050295
                      4,                 1.3465,                 1.4779,                 1.4298,                0.57515,                0.71302,                0.66278,                  0.412,                 1.2466,                 1.1781,                 1.3667,              0.0003382,              0.0003382,              0.0003382
                      5,                  1.294,                 1.3627,                 1.3951,                 0.5929,                 0.7014,                0.66832,                0.42938,                 1.1743,                 1.1062,                  1.333,             0.00017326,             0.00017326,             0.00017326
