                  epoch,         train/box_loss,         train/cls_loss,         train/dfl_loss,   metrics/precision(B),      metrics/recall(B),       metrics/mAP50(B),    metrics/mAP50-95(B),           val/box_loss,           val/cls_loss,           val/dfl_loss,                 lr/pg0,                 lr/pg1,                 lr/pg2
                      1,                 1.5239,                 2.9123,                 1.4909,                0.43774,                0.61213,                0.49818,                0.27339,                 1.4187,                 1.7892,                 1.5204,             0.00027737,             0.00027737,             0.00027737
                      2,                 1.4379,                 1.8617,                 1.4821,                0.50708,                0.69911,                0.58687,                0.33641,                 1.3712,                 1.4471,                 1.4681,             0.00044514,             0.00044514,             0.00044514
                      3,                 1.4072,                 1.6378,                 1.4685,                0.53161,                0.69153,                0.62441,                0.37895,                 1.2949,                 1.2789,                 1.4054,             0.00050295,             0.00050295,             0.00050295
                      4,                 1.3484,                 1.4804,                 1.4354,                0.56266,                0.69795,                0.64602,                0.40227,                 1.2254,                 1.2055,                 1.3853,              0.0003382,              0.0003382,              0.0003382
                      5,                 1.2883,                  1.377,                 1.3949,                0.60111,                0.69954,                0.66659,                0.42655,                  1.184,                 1.1352,                 1.3527,             0.00017326,             0.00017326,             0.00017326
