                  epoch,         train/box_loss,         train/cls_loss,         train/dfl_loss,   metrics/precision(B),      metrics/recall(B),       metrics/mAP50(B),    metrics/mAP50-95(B),           val/box_loss,           val/cls_loss,           val/dfl_loss,                 lr/pg0,                 lr/pg1,                 lr/pg2
                      1,                 1.5231,                 2.8921,                 1.4869,                0.46543,                0.57903,                0.50753,                0.28036,                 1.3479,                 1.7811,                 1.4851,             0.00027737,             0.00027737,             0.00027737
                      2,                 1.4252,                 1.8837,                 1.4682,                 0.5519,                0.64081,                0.59121,                0.34131,                 1.3323,                 1.4414,                 1.4298,             0.00044514,             0.00044514,             0.00044514
                      3,                 1.4018,                 1.6585,                 1.4504,                0.54559,                0.71176,                  0.621,                 0.3746,                 1.3094,                 1.3142,                 1.3868,             0.00050295,             0.00050295,             0.00050295
                      4,                 1.3389,                  1.509,                 1.4088,                 0.5756,                 0.7297,                0.64623,                0.40565,                 1.2236,                 1.2367,                 1.3429,              0.0003382,              0.0003382,              0.0003382
                      5,                 1.2822,                 1.3912,                 1.3671,                0.60563,                0.70676,                0.67392,                0.42997,                 1.1812,                 1.1223,                 1.3169,             0.00017326,             0.00017326,             0.00017326
