                  epoch,         train/box_loss,         train/cls_loss,         train/dfl_loss,   metrics/precision(B),      metrics/recall(B),       metrics/mAP50(B),    metrics/mAP50-95(B),           val/box_loss,           val/cls_loss,           val/dfl_loss,                 lr/pg0,                 lr/pg1,                 lr/pg2
                      1,                 1.5244,                 2.8993,                 1.4913,                0.47954,                0.63498,                0.52915,                0.30108,                 1.3624,                 1.7499,                 1.4564,             0.00027737,             0.00027737,             0.00027737
                      2,                 1.4296,                  1.851,                  1.484,                0.52823,                0.67239,                0.59369,                 0.3407,                 1.3394,                 1.4461,                 1.4559,             0.00044514,             0.00044514,             0.00044514
                      3,                 1.4086,                 1.6336,                 1.4738,                0.54736,                0.67853,                0.63074,                0.37834,                 1.3158,                 1.2839,                 1.4221,             0.00050295,             0.00050295,             0.00050295
                      4,                 1.3463,                 1.4804,                 1.4402,                0.54803,                0.73128,                0.66506,                0.41002,                 1.2309,                 1.2379,                 1.3906,              0.0003382,              0.0003382,              0.0003382
                      5,                 1.2859,                 1.3616,                 1.3986,                0.59027,                0.72241,                0.67939,                0.43335,                 1.1909,                  1.114,                 1.3613,             0.00017326,             0.00017326,             0.00017326
