                  epoch,         train/box_loss,         train/cls_loss,         train/dfl_loss,   metrics/precision(B),      metrics/recall(B),       metrics/mAP50(B),    metrics/mAP50-95(B),           val/box_loss,           val/cls_loss,           val/dfl_loss,                 lr/pg0,                 lr/pg1,                 lr/pg2
                      1,                 1.5301,                 2.8976,                 1.4903,                0.46498,                0.61879,                 0.5324,                0.29846,                 1.3656,                 1.7615,                 1.4721,             0.00027737,             0.00027737,             0.00027737
                      2,                 1.4395,                 1.8701,                 1.4875,                0.51805,                0.66444,                0.58003,                0.32788,                 1.3558,                 1.4221,                 1.4956,             0.00044514,             0.00044514,             0.00044514
                      3,                 1.4145,                 1.6559,                 1.4772,                0.55453,                0.68102,                 0.6452,                0.38468,                    1.3,                 1.2749,                 1.3773,             0.00050295,             0.00050295,             0.00050295
                      4,                 1.3459,                 1.4863,                 1.4358,                 0.5565,                0.71316,                0.64226,                0.39877,                 1.2268,                 1.2196,                 1.3793,              0.0003382,              0.0003382,              0.0003382
                      5,                 1.2886,                 1.3753,                 1.3969,                  0.588,                0.74187,                0.67733,                0.43149,                 1.1916,                 1.1161,                 1.3472,             0.00017326,             0.00017326,             0.00017326
