                  epoch,         train/box_loss,         train/cls_loss,         train/dfl_loss,   metrics/precision(B),      metrics/recall(B),       metrics/mAP50(B),    metrics/mAP50-95(B),           val/box_loss,           val/cls_loss,           val/dfl_loss,                 lr/pg0,                 lr/pg1,                 lr/pg2
                      1,                 1.5231,                 2.8963,                 1.4799,                0.46115,                0.57967,                0.49858,                0.27931,                 1.3776,                 1.8915,                 1.5458,             0.00027737,             0.00027737,             0.00027737
                      2,                 1.4305,                 1.8505,                 1.4659,                0.49313,                0.69607,                 0.5787,                0.33958,                  1.322,                 1.4628,                 1.4254,             0.00044514,             0.00044514,             0.00044514
                      3,                 1.4064,                  1.644,                 1.4604,                0.52957,                0.68491,                0.62645,                0.37308,                 1.3111,                 1.3086,                 1.3943,             0.00050295,             0.00050295,             0.00050295
                      4,                 1.3426,                 1.4915,                 1.4268,                0.56615,                0.76708,                0.66208,                 0.4064,                 1.2361,                 1.2065,                 1.3844,              0.0003382,              0.0003382,              0.0003382
                      5,                 1.2863,                 1.3774,                 1.3865,                0.60945,                0.68672,                0.67445,                  0.435,                  1.187,                  1.115,                 1.3401,             0.00017326,             0.00017326,             0.00017326
