                  epoch,         train/box_loss,         train/cls_loss,         train/dfl_loss,   metrics/precision(B),      metrics/recall(B),       metrics/mAP50(B),    metrics/mAP50-95(B),           val/box_loss,           val/cls_loss,           val/dfl_loss,                 lr/pg0,                 lr/pg1,                 lr/pg2
                      1,                 1.5283,                 2.8929,                 1.4953,                 0.4201,                0.61397,                0.51046,                  0.285,                 1.3792,                 1.7464,                 1.4792,             0.00027737,             0.00027737,             0.00027737
                      2,                 1.4393,                 1.8449,                  1.491,                0.51933,                0.67289,                 0.5858,                0.33675,                 1.3465,                 1.4183,                 1.4648,             0.00044514,             0.00044514,             0.00044514
                      3,                 1.4119,                 1.6384,                 1.4802,                 0.5363,                0.72412,                0.63026,                0.37726,                 1.3401,                 1.3051,                 1.4049,             0.00050295,             0.00050295,             0.00050295
                      4,                 1.3498,                 1.4844,                 1.4376,                0.55347,                0.74471,                0.65429,                0.40661,                 1.2368,                 1.1993,                 1.3946,              0.0003382,              0.0003382,              0.0003382
                      5,                  1.293,                 1.3724,                 1.4015,                0.60326,                0.73031,                0.67395,                0.43703,                 1.1746,                 1.1121,                 1.3378,             0.00017326,             0.00017326,             0.00017326
