                  epoch,         train/box_loss,         train/cls_loss,         train/dfl_loss,   metrics/precision(B),      metrics/recall(B),       metrics/mAP50(B),    metrics/mAP50-95(B),           val/box_loss,           val/cls_loss,           val/dfl_loss,                 lr/pg0,                 lr/pg1,                 lr/pg2
                      1,                 1.5316,                 2.9131,                 1.4854,                 0.4678,                0.56959,                0.49765,                0.27034,                  1.404,                 1.7654,                 1.4903,             0.00027737,             0.00027737,             0.00027737
                      2,                 1.4355,                 1.8797,                 1.4734,                0.54655,                0.64927,                0.58744,                0.33492,                 1.3651,                 1.5307,                 1.5018,             0.00044514,             0.00044514,             0.00044514
                      3,                 1.4125,                 1.6596,                 1.4692,                0.57372,                0.67059,                 0.6506,                0.39045,                 1.3139,                 1.2899,                 1.4025,             0.00050295,             0.00050295,             0.00050295
                      4,                 1.3498,                  1.502,                 1.4281,                0.52062,                0.74785,                0.65264,                0.40668,                 1.2422,                 1.2328,                 1.3864,              0.0003382,              0.0003382,              0.0003382
                      5,                 1.2913,                  1.381,                 1.3913,                 0.5953,                0.70412,                0.67332,                0.43048,                 1.1747,                 1.1223,                 1.3479,             0.00017326,             0.00017326,             0.00017326
