                  epoch,         train/box_loss,         train/cls_loss,         train/dfl_loss,   metrics/precision(B),      metrics/recall(B),       metrics/mAP50(B),    metrics/mAP50-95(B),           val/box_loss,           val/cls_loss,           val/dfl_loss,                 lr/pg0,                 lr/pg1,                 lr/pg2
                      1,                 1.5289,                 2.8982,                 1.4915,                0.43413,                0.60408,                0.51244,                0.27676,                 1.4137,                 1.7199,                 1.5198,             0.00027737,             0.00027737,             0.00027737
                      2,                 1.4362,                 1.8469,                 1.4811,                0.52816,                0.68081,                0.59806,                0.34343,                 1.3455,                 1.4348,                 1.4622,             0.00044514,             0.00044514,             0.00044514
                      3,                 1.4105,                 1.6365,                 1.4724,                0.53844,                0.68733,                0.63101,                0.37968,                 1.3009,                  1.265,                 1.3988,             0.00050295,             0.00050295,             0.00050295
                      4,                 1.3423,                 1.4814,                 1.4295,                0.58656,                0.68883,                0.66252,                0.41113,                 1.2343,                 1.1904,                 1.3783,              0.0003382,              0.0003382,              0.0003382
                      5,                 1.2929,                 1.3701,                 1.3944,                0.55816,                0.75242,                0.67705,                0.43631,                 1.1796,                 1.1181,                 1.3489,             0.00017326,             0.00017326,             0.00017326
