                  epoch,         train/box_loss,         train/cls_loss,         train/dfl_loss,   metrics/precision(B),      metrics/recall(B),       metrics/mAP50(B),    metrics/mAP50-95(B),           val/box_loss,           val/cls_loss,           val/dfl_loss,                 lr/pg0,                 lr/pg1,                 lr/pg2
                      1,                 1.5396,                 2.9151,                 1.4929,                 0.5061,                0.59996,                0.54451,                0.30097,                 1.3696,                 1.7191,                 1.4631,             0.00027737,             0.00027737,             0.00027737
                      2,                 1.4293,                 1.8885,                  1.467,                0.49692,                0.70307,                0.57853,                0.33025,                 1.3431,                 1.4722,                 1.4375,             0.00044514,             0.00044514,             0.00044514
                      3,                 1.4046,                 1.6747,                 1.4581,                0.56991,                0.66845,                0.62786,                0.37632,                 1.2883,                 1.3218,                  1.407,             0.00050295,             0.00050295,             0.00050295
                      4,                 1.3481,                 1.5231,                 1.4283,                0.53865,                0.72766,                0.65198,                0.40235,                 1.2426,                 1.2406,                  1.378,              0.0003382,              0.0003382,              0.0003382
                      5,                 1.2882,                  1.402,                 1.3876,                0.57698,                0.72877,                0.67147,                0.43012,                 1.1801,                 1.1338,                 1.3396,             0.00017326,             0.00017326,             0.00017326
