                  epoch,         train/box_loss,         train/cls_loss,         train/dfl_loss,   metrics/precision(B),      metrics/recall(B),       metrics/mAP50(B),    metrics/mAP50-95(B),           val/box_loss,           val/cls_loss,           val/dfl_loss,                 lr/pg0,                 lr/pg1,                 lr/pg2
                      1,                 1.5268,                 2.9109,                 1.4855,                0.47353,                0.57954,                0.50926,                0.27957,                 1.3661,                 1.7644,                 1.4842,             0.00027737,             0.00027737,             0.00027737
                      2,                 1.4365,                 1.8722,                 1.4698,                0.53811,                0.65044,                0.59365,                0.34114,                 1.3521,                 1.4588,                 1.4387,             0.00044514,             0.00044514,             0.00044514
                      3,                 1.4125,                 1.6539,                 1.4643,                0.54003,                0.71662,                0.64417,                0.38501,                 1.3299,                 1.3047,                 1.4049,             0.00050295,             0.00050295,             0.00050295
                      4,                 1.3469,                   1.49,                 1.4271,                0.57138,                0.71555,                0.66821,                0.41654,                  1.231,                 1.1931,                 1.3768,              0.0003382,              0.0003382,              0.0003382
                      5,                 1.2936,                 1.3813,                  1.393,                0.56597,                0.75166,                0.68515,                0.43301,                   1.19,                 1.1364,                 1.3465,             0.00017326,             0.00017326,             0.00017326
